{
 "30": {
  "d": 103,
  "pmr": {
   "fit_s": 80.6,
   "sample_s": 4.9,
   "ess": 396.2,
   "s_per_kess": 12.43,
   "acc_local": 0.142,
   "draws": 80000,
   "us_per_draw": 61.59,
   "moments": [
    [
     2.9389919819661428,
     -0.16446718799365184,
     0.20706895880040763
    ],
    [
     0.03162506420434318,
     0.036996003600795906,
     0.037220354712570534
    ]
   ]
  },
  "nuts": {
   "fit_s": 2.2,
   "sample_s": 0.4,
   "ess": 109.6,
   "s_per_kess": 3.78,
   "draws": 1500,
   "moments": [
    [
     2.897947866682307,
     -0.12094130738232543,
     0.24215931935572862
    ],
    [
     0.029647221604640617,
     0.03354919182341984,
     0.033689742611172725
    ]
   ]
  }
 },
 "60": {
  "d": 193,
  "pmr": {
   "fit_s": 257.8,
   "sample_s": 6.2,
   "ess": 130.4,
   "s_per_kess": 47.61,
   "acc_local": 0.063,
   "draws": 80000,
   "us_per_draw": 77.59,
   "moments": [
    [
     2.9111174777033857,
     -0.10185803604670407,
     0.1894844458255283
    ],
    [
     0.013714124840995339,
     0.017318791768932536,
     0.01978704291205461
    ]
   ]
  },
  "nuts": {
   "fit_s": 1.8,
   "sample_s": 0.3,
   "ess": 32.8,
   "s_per_kess": 10.12,
   "draws": 1500,
   "moments": [
    [
     2.8812822971933123,
     -0.07231777906862383,
     0.2151043880486865
    ],
    [
     0.015076466136359839,
     0.018792069522068862,
     0.021539291597017108
    ]
   ]
  }
 },
 "120": {
  "d": 373,
  "pmr": {
   "fit_s": 1008.8,
   "sample_s": 32.3,
   "ess": 13.1,
   "s_per_kess": 2458.2,
   "acc_local": 0.022,
   "draws": 80000,
   "us_per_draw": 403.4,
   "moments": [
    [
     2.9591986553974947,
     -0.012941851250175484,
     -1.1592399918270262
    ],
    [
     0.009224358188654044,
     0.013400465903643449,
     0.01301220157373779
    ]
   ]
  },
  "nuts": {
   "fit_s": 1.7,
   "sample_s": 0.4,
   "ess": 15.7,
   "s_per_kess": 24.05,
   "draws": 1500,
   "moments": [
    [
     2.8959944770028883,
     0.03445127160583023,
     -1.0902324301571715
    ],
    [
     0.008762411723690184,
     0.013233936070619855,
     0.013283560336993905
    ]
   ]
  }
 }
}